<?xml version="1.0" encoding="UTF-8"?>
<root>
  <item name="androidx.camera.core.processing.SettableSurface SettableSurface(int, android.util.Size, int, android.graphics.Matrix, boolean, android.graphics.Rect, int, boolean) 0">
    <annotation name="androidx.annotation.IntDef">
      <val name="flag" val="true" />
      <val name="value" val="{androidx.camera.core.CameraEffect.PREVIEW, androidx.camera.core.CameraEffect.VIDEO_CAPTURE, androidx.camera.core.CameraEffect.IMAGE_CAPTURE}" />
    </annotation>
  </item>
  <item name="androidx.camera.core.processing.SettableSurface int getTargets()">
    <annotation name="androidx.annotation.IntDef">
      <val name="flag" val="true" />
      <val name="value" val="{androidx.camera.core.CameraEffect.PREVIEW, androidx.camera.core.CameraEffect.VIDEO_CAPTURE, androidx.camera.core.CameraEffect.IMAGE_CAPTURE}" />
    </annotation>
  </item>
  <item name="androidx.camera.core.processing.SettableSurface mTargets">
    <annotation name="androidx.annotation.IntDef">
      <val name="flag" val="true" />
      <val name="value" val="{androidx.camera.core.CameraEffect.PREVIEW, androidx.camera.core.CameraEffect.VIDEO_CAPTURE, androidx.camera.core.CameraEffect.IMAGE_CAPTURE}" />
    </annotation>
  </item>
</root>

