<?xml version="1.0" encoding="UTF-8"?>
<root>
  <item name="androidx.camera.camera2.internal.compat.workaround.TargetAspectRatio int get(androidx.camera.core.impl.ImageOutputConfig, java.lang.String, androidx.camera.camera2.internal.compat.CameraCharacteristicsCompat)">
    <annotation name="androidx.annotation.IntDef">
      <val name="value" val="{androidx.camera.camera2.internal.compat.workaround.TargetAspectRatio.RATIO_4_3, androidx.camera.camera2.internal.compat.workaround.TargetAspectRatio.RATIO_16_9, androidx.camera.camera2.internal.compat.workaround.TargetAspectRatio.RATIO_MAX_JPEG, androidx.camera.camera2.internal.compat.workaround.TargetAspectRatio.RATIO_ORIGINAL}" />
    </annotation>
  </item>
  <item name="androidx.camera.camera2.internal.compat.workaround.TargetAspectRatio.Ratio">
    <annotation name="androidx.annotation.IntDef">
      <val name="value" val="{androidx.camera.camera2.internal.compat.workaround.TargetAspectRatio.RATIO_4_3, androidx.camera.camera2.internal.compat.workaround.TargetAspectRatio.RATIO_16_9, androidx.camera.camera2.internal.compat.workaround.TargetAspectRatio.RATIO_MAX_JPEG, androidx.camera.camera2.internal.compat.workaround.TargetAspectRatio.RATIO_ORIGINAL}" />
    </annotation>
  </item>
</root>

